{
  "cameras": [
    {
      "image": "img_0000",
      "rotation": [
        [
          0.6241405313768016,
          -0.12337089977519394,
          0.7715103487195377
        ],
        [
          -0.07388740119246429,
          -0.9923493602624156,
          -0.09891106678121536
        ],
        [
          0.7778105482941895,
          0.0047295111198954465,
          -0.6284810121927783
        ]
      ],
      "translation": [
        -1.4457166648559787,
        0.192896794536909,
        0.05157835740704575
      ],
      "center": [
        0.8764648198153089,
        0.012817704477195102,
        1.1668810142494266
      ]
    },
    {
      "image": "img_0001",
      "rotation": [
        [
          0.8807460075198537,
          -0.004266131255613759,
          0.4735697101398557
        ],
        [
          -0.003524992533071493,
          -0.9999907795906646,
          -0.002452582577028628
        ],
        [
          0.473575806672468,
          0.0004907726206985208,
          -0.8807529247619654
        ]
      ],
      "translation": [
        1.030233396250146,
        -0.6038805784156426,
        0.5263794479401455
      ],
      "center": [
        -1.1587831967647801,
        -0.5997382321183474,
        -0.02575815951593711
      ]
    },
    {
      "image": "img_0002",
      "rotation": [
        [
          0.9605720636015647,
          0.014967351610823753,
          0.27762796871711093
        ],
        [
          0.02672688910515972,
          -0.9988964370861924,
          -0.03862099655979132
        ],
        [
          0.2767435347519281,
          0.044518382296180464,
          -0.9599120426428349
        ]
      ],
      "translation": [
        2.313815866289952,
        -0.404975819034777,
        -0.9255582050995156
      ],
      "center": [
        -1.9556208883726778,
        -0.39795624436137894,
        -1.5464750358991544
      ]
    },
    {
      "image": "img_0003",
      "rotation": [
        [
          0.907875863990875,
          0.1358284240990958,
          -0.39662583726930717
        ],
        [
          0.11191339172530497,
          -0.9902497112305986,
          -0.08295120348888707
        ],
        [
          -0.40402575206954466,
          0.030921652841858993,
          -0.914224831783827
        ]
      ],
      "translation": [
        3.926748076057859,
        -0.21863606744911723,
        -1.0455019623998683
      ],
      "center": [
        -3.9629412150126133,
        -0.7175396569343663,
        0.5834897627864271
      ]
    },
    {
      "image": "img_0004",
      "rotation": [
        [
          -0.10727116286800384,
          -0.1998810416619167,
          0.9739304219507126
        ],
        [
          -0.32087762226295125,
          -0.9202028969800419,
          -0.2241967437774537
        ],
        [
          0.9410262744194875,
          -0.33656232346132503,
          0.034573881449637356
        ]
      ],
      "translation": [
        -0.4251943050248596,
        1.6759202959514445,
        -5.6530897613761955
      ],
      "center": [
        5.811860229229042,
        -0.4454185939791151,
        0.9852947973207412
      ]
    },
    {
      "image": "img_0005",
      "rotation": [
        [
          0.3523965786617922,
          0.29852540681054623,
          -0.8869606715272447
        ],
        [
          0.14795530192611145,
          -0.9536109994423072,
          -0.26217416038694047
        ],
        [
          -0.9240811003258406,
          -0.03884125681851425,
          -0.3802176702749911
        ]
      ],
      "translation": [
        5.108892158211838,
        0.02597786261264933,
        -2.2033082841743514
      ],
      "center": [
        -3.840235223409035,
        -1.585940597267951,
        3.7004604010206053
      ]
    },
    {
      "image": "img_0006",
      "rotation": [
        [
          -0.3825021407486111,
          0.24635639374040785,
          -0.8905058335496467
        ],
        [
          0.09730967651181416,
          -0.9476969188280449,
          -0.30397594789883586
        ],
        [
          -0.9188160529615792,
          -0.20292628540199265,
          0.3385232392510939
        ]
      ],
      "translation": [
        4.862148470008297,
        0.22085911676331293,
        -3.700541916529784
      ],
      "center": [
        -1.561826848355939,
        -1.7394510835457704,
        5.64962687206522
      ]
    },
    {
      "image": "img_0007",
      "rotation": [
        [
          0.9696150489990458,
          0.2303375825878423,
          -0.0824090699023288
        ],
        [
          0.18576317440404444,
          -0.9124337310401789,
          -0.3646323209692628
        ],
        [
          -0.1591813424679869,
          0.3382444153385059,
          -0.9274977173569765
        ]
      ],
      "translation": [
        4.923057191849249,
        1.7882174093567351,
        -0.9670435963180968
      ],
      "center": [
        -5.259590580673684,
        0.8247618860615823,
        0.16081570045793975
      ]
    },
    {
      "image": "img_0008",
      "rotation": [
        [
          0.9761902850198683,
          0.025336158439945692,
          0.2154312106179936
        ],
        [
          0.033140665822550534,
          -0.9989158727788586,
          -0.03269213023479034
        ],
        [
          0.21436936278691135,
          0.039053273690645054,
          -0.9759716277189502
        ]
      ],
      "translation": [
        2.3689097822481604,
        -0.42712427943630865,
        -1.2722759539427673
      ],
      "center": [
        -2.0256145469738684,
        -0.43699375491178455,
        -1.7660059384815043
      ]
    },
    {
      "image": "img_0009",
      "rotation": [
        [
          0.8799340867679923,
          0.12142127893700286,
          -0.45931783762997963
        ],
        [
          0.13566535380141215,
          -0.9907526852834542,
          -0.0020070828488645276
        ],
        [
          -0.4553140835969337,
          -0.060547416335687665,
          -0.8882697201038414
        ]
      ],
      "translation": [
        4.074525188072567,
        -0.252501748259521,
        -1.3497263957904908
      ],
      "center": [
        -4.165607298372652,
        -0.8266232905488843,
        0.6720742190205516
      ]
    },
    {
      "image": "img_0010",
      "rotation": [
        [
          0.861828213240525,
          0.16702058940690342,
          -0.4789115300103092
        ],
        [
          0.16017689798266377,
          -0.9855292734505747,
          -0.055456402016655415
        ],
        [
          -0.4812436931693715,
          -0.028916671422419937,
          -0.8761097727445754
        ]
      ],
      "translation": [
        3.985315807908047,
        -0.2852179487225215,
        -1.3932495179459834
      ],
      "center": [
        -4.059464819176031,
        -0.9870085715089104,
        0.6721570113686478
      ]
    },
    {
      "image": "img_0013",
      "rotation": [
        [
          0.9941826439230286,
          0.0871336794590325,
          0.0633134458558969
        ],
        [
          0.08144180607556745,
          -0.9928285986716254,
          0.08751346115247916
        ],
        [
          0.07048476959859258,
          -0.08184800280805493,
          -0.9941492854149047
        ]
      ],
      "translation": [
        5.275679708415057,
        -0.8437982307454367,
        1.8855835193059922
      ],
      "center": [
        -5.309173669045062,
        -1.1431051544511694,
        1.614373750423254
      ]
    },
    {
      "image": "img_0014",